County,Jurisdiction (NCIC),BCS number,Victim Number,Month of Report,Year of Report,Total Victim,Total Suspects,Gender,Race/Ethnicity,Age,Crime Status,Victim/Offender Relationship #1,Victim/Offender Relationship #2,Victim/Offender Relationship #3,Victim/Offender Relationship #4,Month of Incident,Day of month of Incident,Year of Incident,Day of week,Year of Death,Means of death,Location,Precipitating Event,Special Circumstance
01,0103,66739,01,12,1987,01,01,1,3,26,3,28,,,,12,00,1987,,1987,02,00,53,000
01,0109,64483,01,03,1987,01,01,2,3,15,3,28,,,,03,13,1987,6,1987,02,03,53,000
01,0109,64980,01,05,1987,01,01,1,3,47,3,21,,,,05,10,1987,1,1987,02,16,53,000
01,0109,65236,01,06,1987,01,01,1,3,15,3,28,,,,06,10,1987,4,1987,02,16,53,000
01,0109,66751,01,12,1987,01,01,2,3,16,3,23,,,,12,25,1987,6,1987,02,02,53,000
10,1005,66018,01,09,1987,01,01,1,2,18,3,16,,,,09,16,1987,4,1987,02,24,53,000
19,1912,65030,01,05,1987,01,02,2,1,76,3,30,30,,,12,02,1986,3,1987,16,24,59,000
19,1915,64051,01,01,1987,01,01,1,2,18,3,28,,,,01,26,1987,2,1987,02,24,53,000
19,1942,65106,01,05,1987,01,01,1,7,16,3,21,,,,05,14,1987,5,1987,02,15,53,000
19,1942,65107,01,05,1987,01,01,1,1,25,3,20,,,,05,11,1987,2,1987,02,02,53,000
19,1942,66642,01,11,1987,01,01,1,2,18,3,28,,,,11,06,1987,6,1987,02,16,53,000
19,1942,66643,01,11,1987,01,01,1,3,16,3,28,,,,11,03,1987,3,1987,02,02,53,000
19,1942,66879,01,12,1987,01,01,2,2,16,3,23,,,,12,00,1987,,1987,02,24,53,000
19,1948,65116,01,05,1987,01,01,1,7,16,3,28,,,,05,30,1987,7,1987,02,02,53,000
19,1953,64887,01,04,1987,01,01,1,3,01,3,07,,,,03,31,1987,3,1987,20,24,59,000
19,1967,64143,01,01,1987,01,01,1,3,01,3,07,07,,,01,18,1987,1,1987,20,02,59,000
19,1996,64377,01,02,1987,01,01,2,1,04,3,30,,,,02,07,1987,7,1987,04,02,59,000
21,2100,66225,01,03,1987,01,01,2,1,BB,3,30,,,,03,00,1987,,1987,16,02,59,000
21,2106,67032,01,12,1987,01,01,2,5,36,3,28,,,,12,00,1987,,1987,10,02,59,000
30,3000,64379,01,02,1987,01,01,1,1,22,3,09,,,,01,16,1987,6,1987,02,24,53,000
34,3404,66169,01,09,1987,02,01,2,1,51,3,40,,,,09,00,1987,,1987,20,19,59,000
34,3404,66169,02,09,1987,02,01,1,1,36,3,40,,,,09,00,1987,,1987,20,19,59,000
36,3610,65668,01,07,1987,01,01,1,2,64,3,40,,,,07,21,1987,3,1987,03,02,50,000
36,3610,66180,01,09,1987,01,01,2,2,16,3,10,,,,09,23,1987,4,1987,03,24,53,000
37,3700,64661,01,03,1987,01,01,1,2,19,3,28,,,,03,20,1987,6,1987,02,24,53,000
37,3700,64937,01,04,1987,01,01,2,1,03,3,08,,,,03,06,1987,6,1987,13,24,59,000
37,3706,64190,01,01,1987,01,01,2,1,20,3,28,,,,12,22,1986,2,1987,04,02,53,000
39,3905,64444,01,02,1987,01,01,2,2,03,3,08,,,,02,25,1987,4,1987,13,15,59,000
43,4300,66202,01,09,1987,01,01,1,1,34,3,28,,,,09,29,1987,3,1987,02,24,53,000
43,4304,66988,01,12,1987,01,01,1,2,26,3,28,,,,12,24,1987,5,1987,03,03,53,000
47,4700,65728,01,07,1987,01,,1,1,19,3,40,,,,07,04,1987,7,1987,15,18,59,000
54,5406,66501,01,09,1987,01,01,1,3,03,3,07,,,,09,00,1987,,1987,10,24,59,000
01,0109,69188,01,05,1988,01,01,2,B,13,3,21,,,,04,01,1988,6,1988,01,13,52,000
01,0109,69757,01,07,1988,01,01,1,B,15,3,21,,,,06,24,1988,6,1988,02,16,53,000
01,0110,69123,01,06,1988,01,01,2,W,11,3,10,,,,06,09,1988,3,1988,02,24,53,000
10,1000,69780,01,08,1988,01,01,1,H,79,3,30,,,,05,07,1988,7,1988,08,00,59,000
10,1005,70375,01,10,1988,01,01,1,H,03,3,28,,,,09,30,1988,6,1988,02,02,52,000
12,1207,70495,01,11,1988,01,01,2,W,19,3,28,,,,11,00,1988,,1988,04,00,53,000
15,1501,68031,01,01,1988,01,02,2,H,BB,3,08,30,,,01,20,1988,4,1988,07,24,59,000
15,1502,69912,01,09,1988,01,01,2,B,BB,3,08,,,,09,00,1988,,1988,16,24,59,000
19,1920,68280,01,02,1988,01,01,1,H,24,3,28,,,,02,08,1988,2,1988,02,02,53,000
19,1942,68133,01,01,1988,01,01,1,H,23,3,40,,,,01,01,1988,6,1988,02,06,59,000
19,1942,68134,01,01,1988,01,01,1,W,06,3,28,,,,01,00,1988,,1988,02,03,52,000
19,1942,68135,01,01,1988,01,01,1,B,01,3,07,,,,01,10,1988,1,1988,16,24,59,000
19,1942,68342,01,02,1988,01,01,1,H,18,3,28,,,,02,00,1988,,1988,02,02,53,000
19,1942,68976,01,05,1988,01,01,1,H,24,3,28,,,,05,21,1988,7,1988,02,16,53,000
19,1942,68977,01,05,1988,01,02,1,B,01,3,07,07,,,11,02,1987,2,1988,16,24,59,000
19,1942,68978,01,05,1988,01,01,2,B,BB,3,08,,,,04,28,1988,5,1988,16,24,59,000
19,1942,70448,01,10,1988,01,01,1,B,31,3,28,,,,10,04,1988,3,1988,08,16,59,000
19,1942,70850,01,12,1988,01,01,1,H,22,3,28,,,,11,30,1988,4,1988,02,02,53,000
19,1942,70849,01,12,1988,01,01,1,O,00,3,40,,,,12,00,1988,,1988,03,03,53,000
19,1942,70851,01,12,1988,01,01,2,W,77,3,05,,,,12,00,1988,,1988,15,24,59,000
19,1960,69530,01,06,1988,01,01,2,W,BB,3,08,,,,06,20,1988,2,1988,20,02,59,000
19,1976,70575,01,11,1988,01,01,1,W,15,3,28,,,,11,11,1988,6,1988,02,02,53,000
23,2300,68353,01,02,1988,01,01,2,W,03,3,08,,,,01,22,1988,6,1988,13,02,59,000
24,2400,70860,01,12,1988,01,01,1,W,21,3,28,,,,12,30,1988,6,1988,02,02,53,000
28,2800,69152,01,06,1988,01,01,1,W,16,3,28,,,,06,10,1988,6,1988,03,03,53,000
34,3400,68370,01,02,1988,01,01,1,W,14,3,28,,,,02,04,1988,5,1988,03,03,52,000
34,3400,68598,01,03,1988,01,01,1,W,16,3,28,,,,03,03,1988,5,1988,03,03,53,000
34,3400,69330,01,06,1988,01,01,1,H,01,3,16,,,,06,30,1988,5,1988,25,02,59,000
34,3400,69546,01,07,1988,01,01,1,W,12,3,28,,,,07,25,1988,2,1988,04,02,52,000
34,3400,69547,01,07,1988,01,01,1,W,17,3,30,,,,07,29,1988,6,1988,03,02,53,000
37,3700,68619,01,03,1988,01,03,2,W,82,3,40,40,40,,02,24,1988,4,1988,03,02,52,000
38,3801,68404,01,02,1988,01,01,1,W,10,3,28,,,,02,22,1988,2,1988,02,02,52,000
39,3903,68671,01,03,1988,01,01,1,H,03,3,21,,,,03,10,1988,5,1988,04,03,52,000
40,4005,70325,01,10,1988,01,01,2,W,19,3,40,,,,10,14,1988,6,1988,07,19,59,000
41,4117,69179,01,06,1988,01,01,1,W,22,3,28,,,,06,10,1988,6,1988,04,02,53,000
43,4303,69064,01,04,1988,01,01,1,W,26,3,30,,,,04,23,1988,7,1988,02,03,53,000
47,4702,69408,01,07,1988,01,01,1,W,05,3,30,,,,07,00,1988,,1988,02,00,52,000
48,4800,69571,01,06,1988,01,01,1,H,31,3,28,,,,06,19,1988,1,1988,08,14,59,000
48,4807,69572,01,06,1988,01,01,1,B,15,3,30,,,,06,00,1988,,1988,02,00,53,000
49,4905,69747,01,07,1988,01,01,1,W,42,3,30,,,,07,00,1988,,1988,25,15,59,000
49,4905,70023,01,09,1988,01,01,1,W,18,3,40,,,,09,03,1988,6,1988,15,16,59,000
01,0109,75265,01,11,1989,01,01,2,W,86,3,21,,,,11,00,1989,,1989,11,02,59,000
10,1005,73549,01,03,1989,01,01,1,H,12,3,28,,,,03,25,1989,7,1989,02,13,52,000
19,1900,73247,01,05,1989,01,01,1,W,21,3,28,,,,05,28,1989,1,1989,03,19,53,000
19,1900,73985,01,07,1989,01,01,2,W,29,3,28,,,,02,01,1989,4,1989,02,03,53,000
19,1915,73837,01,06,1989,01,01,1,H,09,3,07,,,,06,18,1989,1,1989,02,24,53,000
19,1915,73516,01,07,1989,01,01,2,H,11,3,08,,,,07,27,1989,5,1989,02,24,53,000
19,1942,72843,01,04,1989,01,01,2,W,71,3,28,,,,12,24,1988,7,1988,16,02,59,000
19,1942,73768,01,07,1989,01,02,2,H,01,3,08,08,,,07,17,1989,2,1989,16,24,59,000
19,1942,73934,01,08,1989,01,01,1,H,13,3,28,,,,08,09,1989,4,1989,02,03,53,000
19,1942,73935,01,08,1989,01,01,2,W,76,3,28,,,,02,03,1989,6,1989,16,02,59,000
19,1942,74450,01,10,1989,01,01,2,H,17,3,28,,,,10,27,1989,6,1989,02,02,53,000
19,1944,74631,01,10,1989,01,01,1,W,74,3,06,,,,10,21,1989,7,1989,08,24,59,000
30,3014,73131,01,05,1989,01,01,2,W,BB,3,08,,,,05,07,1989,1,1989,08,02,59,000
34,3404,74020,01,08,1989,01,01,2,B,16,3,23,,,,08,00,1989,,1989,03,02,59,000
35,3500,72413,01,02,1989,01,01,1,H,35,3,09,,,,02,26,1989,1,1989,02,24,53,000
36,3603,72415,01,02,1989,01,01,1,H,15,3,28,,,,02,20,1989,2,1989,03,13,53,000
36,3603,74105,01,09,1989,01,01,1,H,18,3,28,,,,09,04,1989,2,1989,03,02,53,000
36,3605,73438,01,06,1989,01,01,1,W,BB,3,07,,,,06,02,1989,6,1989,16,02,59,000
37,3702,74077,01,09,1989,01,01,2,W,13,3,23,,,,08,02,1989,4,1989,02,03,53,000
37,3711,74476,01,10,1989,01,01,2,H,13,3,28,,,,10,05,1989,5,1989,04,13,52,000
37,3711,74695,01,11,1989,01,01,2,W,43,3,28,,,,11,26,1989,1,1989,02,24,53,000
39,3903,74482,01,10,1989,01,01,1,W,03,3,16,,,,10,30,1989,2,1989,02,03,53,000
39,3905,74827,01,11,1989,01,01,1,H,18,3,30,,,,11,10,1989,6,1989,03,03,53,000
39,3905,75021,01,12,1989,01,01,1,H,12,3,09,,,,12,23,1989,7,1989,04,13,52,000
42,4200,74898,01,10,1989,01,01,1,H,NB,3,07,,,,10,22,1989,1,1989,16,24,59,000
43,4313,72452,01,02,1989,01,01,1,P,22,3,28,,,,02,26,1989,1,1989,08,16,59,000
43,4313,72960,02,04,1989,02,01,2,F,10,3,28,,,,04,06,1989,5,1989,14,02,59,000
43,4313,72960,01,04,1989,02,01,1,W,18,3,28,,,,04,06,1989,5,1989,14,13,59,000
43,4313,73457,01,06,1989,01,01,2,W,32,3,28,,,,12,11,1988,1,1988,15,16,59,000
48,4805,75215,01,12,1989,01,01,1,W,19,3,21,,,,12,08,1989,6,1989,02,03,53,000
48,4807,75242,01,10,1989,01,01,1,W,87,3,28,,,,10,00,1989,,1989,08,24,59,000
56,5609,75217,01,12,1989,01,01,2,W,56,3,30,,,,12,20,1989,4,1989,25,02,59,000
01,0109,77892,01,04,1990,01,01,1,B,10,3,09,,,,04,01,1990,1,1990,02,24,53,000
01,0109,78714,01,07,1990,01,01,1,W,24,3,28,,,,07,16,1990,2,1990,02,02,53,000
01,0109,79181,01,10,1990,01,01,2,W,72,3,05,,,,09,16,1990,1,1990,16,24,59,000
01,0110,77350,01,06,1990,01,00,1,W,23,3,50,,,,06,15,1990,6,1990,07,99,59,000
07,0704,78867,01,07,1990,01,01,1,W,47,3,20,,,,07,26,1990,5,1990,03,02,53,000
07,0711,76897,01,04,1990,01,01,1,W,16,3,28,,,,04,05,1990,5,1990,03,03,52,000
09,0900,78956,01,11,1990,01,01,2,W,BB,3,08,,,,11,21,1990,4,1990,16,24,59,000
10,1005,77646,01,07,1990,01,01,1,W,69,3,16,,,,05,21,1990,2,1990,17,24,52,000
10,1005,78346,01,09,1990,01,01,1,H,18,3,30,,,,09,00,1990,,1990,02,02,53,000
10,1005,79696,01,10,1990,01,01,2,W,02,3,08,,,,10,01,1990,2,1990,02,24,53,000
13,1302,77993,01,08,1990,01,01,1,H,BB,3,07,,,,08,00,1990,,1990,08,24,59,000
19,1900,79582,01,12,1990,01,01,2,W,15,3,28,,,,11,12,1990,2,1990,03,02,53,000
19,1915,76463,01,02,1990,01,01,1,B,14,3,07,,,,02,05,1990,2,1990,08,24,59,000
19,1915,77922,01,07,1990,01,01,1,H,22,3,22,,,,07,30,1990,2,1990,02,03,53,000
19,1915,78004,01,08,1990,01,01,1,H,17,3,28,,,,08,27,1990,2,1990,04,03,53,000
19,1915,78354,01,09,1990,01,02,1,H,03,3,40,40,,,09,13,1990,5,1990,04,02,59,000
19,1941,76422,01,02,1990,01,01,1,H,14,3,28,,,,02,20,1990,3,1990,04,13,53,000
19,1942,76889,01,03,1990,01,01,1,B,BB,3,07,,,,03,20,1990,3,1990,16,24,59,000
19,1942,76890,01,03,1990,01,02,2,H,01,3,08,08,,,03,22,1990,5,1990,16,24,59,000
19,1942,77053,01,04,1990,01,01,1,W,13,3,09,,,,04,14,1990,7,1990,02,13,52,000
19,1942,77247,01,05,1990,01,01,1,H,16,3,16,,,,04,24,1990,3,1990,04,24,53,000
19,1949,78252,01,08,1990,01,01,1,W,17,3,28,,,,08,02,1990,5,1990,02,07,51,000
22,2200,77952,01,06,1990,01,01,1,W,03,3,09,,,,06,00,1990,,1990,02,24,52,000
30,3006,77713,01,06,1990,01,01,1,W,12,3,28,,,,06,25,1990,2,1990,02,03,52,000
30,3022,78915,01,10,1990,01,01,1,H,32,3,28,,,,10,19,1990,6,1990,02,02,53,000
33,3300,77122,01,04,1990,01,01,1,W,34,3,09,,,,04,27,1990,6,1990,02,03,53,000
33,3315,79678,01,11,1990,01,01,1,H,17,3,28,,,,11,03,1990,7,1990,02,03,53,000
35,3501,77864,01,07,1990,01,01,1,W,17,3,22,,,,07,00,1990,,1990,02,15,53,000
36,3633,76167,01,01,1990,01,01,1,B,15,3,28,,,,01,27,1990,4,1990,02,03,53,000
37,3700,79444,01,12,1990,01,01,1,W,69,3,20,,,,12,12,1989,3,1989,15,16,59,000
38,3801,77289,01,05,1990,01,01,1,B,10,3,28,,,,03,28,1990,4,1990,02,03,52,000
40,4001,76435,01,02,1990,01,01,1,W,19,3,28,,,,02,01,1990,5,1990,02,03,53,000
43,4313,77870,01,07,1990,01,01,1,I,03,3,09,,,,07,24,1990,3,1990,02,24,52,000
49,4900,77403,01,06,1990,01,01,2,B,05,3,08,,,,06,09,1990,7,1990,13,24,59,000
55,5501,78619,01,09,1990,01,01,1,W,40,3,28,,,,09,00,1990,,1990,02,01,53,000
56,5604,78485,01,09,1990,01,01,1,W,20,3,28,,,,09,05,1990,4,1990,02,03,53,000
01,0105,80429,01,02,1991,01,01,1,W,10,3,28,,,,01,24,1991,5,1991,02,02,52,000
01,0109,81140,01,03,1991,01,01,1,B,19,3,28,,,,03,25,1991,2,1991,02,13,53,000
07,0714,83588,01,12,1991,01,02,2,W,36,3,30,30,,,12,00,1991,,1991,15,99,59,000
09,0900,82154,01,08,1991,01,02,1,W,NB,3,07,07,,,08,00,1991,,1991,16,24,59,000
10,1005,81496,01,06,1991,01,01,2,W,35,3,02,,,,06,16,1991,1,1991,02,24,53,000
10,1005,82299,01,08,1991,01,01,1,W,17,3,09,,,,08,24,1991,7,1991,02,24,53,000
10,1005,83197,01,11,1991,01,01,2,H,06,3,10,,,,11,00,1991,,1991,02,24,52,000
13,1304,80487,01,02,1991,01,01,1,B,10,3,16,,,,02,09,1991,7,1991,02,24,53,000
16,1603,81992,01,03,1991,01,02,1,H,21,3,28,28,,,03,05,1991,3,1991,04,12,53,000
19,1900,80690,01,02,1991,01,01,2,H,18,3,28,,,,01,26,1991,7,1991,01,03,51,000
19,1900,82585,01,08,1991,01,01,1,W,20,3,28,,,,08,07,1991,4,1991,02,16,53,000
19,1900,83728,01,12,1991,01,01,1,H,16,3,28,,,,12,21,1991,7,1991,03,99,53,000
19,1935,83376,01,10,1991,01,01,2,H,16,3,23,,,,10,05,1991,7,1991,02,15,53,000
19,1941,80426,01,01,1991,01,01,1,B,22,3,09,,,,01,31,1991,5,1991,07,24,59,000
19,1941,82490,01,08,1991,01,01,1,A,03,3,09,,,,08,00,1991,,1991,02,24,52,000
19,1942,80393,01,02,1991,01,01,1,H,18,3,28,,,,02,15,1991,6,1991,02,02,53,000
19,1942,80394,01,02,1991,01,01,1,B,01,3,07,,,,02,02,1991,4,1991,08,24,59,000
19,1942,80395,01,02,1991,01,01,1,B,01,3,28,,,,02,20,1991,4,1991,10,02,59,000
19,1942,80969,01,04,1991,01,01,1,H,01,3,07,,,,04,02,1991,3,1991,20,24,59,000
19,1942,81252,01,05,1991,01,01,1,H,16,3,28,,,,05,21,1991,3,1991,02,02,53,000
19,1942,82418,01,08,1991,01,01,1,B,15,3,28,,,,08,31,1991,7,1991,02,16,53,000
19,1942,82419,01,08,1991,01,01,1,B,15,3,28,,,,08,12,1991,2,1991,02,03,53,000
19,1942,83280,01,11,1991,01,01,2,W,34,3,28,,,,11,29,1991,6,1991,02,13,53,000
19,1942,83839,01,12,1991,01,01,1,B,17,3,09,,,,12,27,1991,6,1991,02,02,53,000
19,1960,82601,01,08,1991,01,01,1,W,15,3,28,,,,08,00,1991,,1991,02,03,53,000
21,2109,80696,01,03,1991,01,02,1,W,38,3,28,28,,,03,29,1991,6,1991,08,13,59,000
33,3332,81995,01,06,1991,01,02,2,H,10,3,20,20,,,06,28,1991,6,1991,03,03,53,000
34,3404,80437,01,02,1991,01,01,1,B,01,3,07,,,,02,21,1991,5,1991,08,24,59,000
35,3500,82460,01,05,1991,01,01,1,W,19,3,21,,,,05,05,1991,4,1991,03,19,53,000
36,3605,81794,01,06,1991,01,01,1,W,13,3,28,,,,06,27,1991,5,1991,02,13,53,000
36,3609,81996,01,06,1991,01,01,1,H,13,3,28,,,,06,00,1991,,1991,08,18,59,000
36,3616,82762,01,08,1991,01,03,1,W,17,3,28,28,28,,08,31,1991,7,1991,03,02,53,000
36,3616,83469,01,11,1991,01,01,1,W,18,3,28,,,,11,22,1991,6,1991,02,02,53,000
36,3616,83470,01,11,1991,01,01,2,B,17,3,23,,,,11,28,1991,5,1991,02,15,53,000
36,3621,83051,01,10,1991,01,01,1,W,22,3,16,,,,10,03,1991,5,1991,03,24,53,000
37,3700,82615,01,08,1991,01,01,1,H,00,3,28,,,,08,00,1991,,1991,02,18,53,000
37,3708,81799,01,06,1991,01,01,1,H,BB,3,30,,,,06,30,1991,1,1991,15,15,59,000
38,3801,83671,01,12,1991,01,01,1,W,NB,3,07,,,,09,26,1991,5,1991,16,24,59,000
39,3902,82275,01,07,1991,01,01,1,W,18,3,28,,,,07,03,1991,4,1991,02,03,53,000
41,4100,84014,01,12,1991,01,01,1,H,37,3,21,,,,08,03,1991,7,1991,07,99,59,000
43,4313,81394,01,05,1991,01,02,1,W,59,3,21,21,,,05,22,1991,4,1991,08,19,59,000
43,4313,81804,01,06,1991,01,01,1,H,BB,3,30,,,,05,15,1991,4,1991,08,03,59,000
44,4403,80216,01,01,1991,01,01,2,H,NB,3,08,,,,01,05,1991,7,1991,08,24,59,000
45,4502,82921,01,09,1991,01,02,1,W,BB,3,07,07,,,01,31,1991,5,1991,16,24,59,000
50,5000,82754,01,09,1991,01,01,1,H,19,3,21,,,,09,27,1991,6,1991,02,02,53,000
54,5401,81817,01,05,1991,01,01,1,H,10,3,28,,,,05,00,1991,,1991,02,03,53,000
01,0109,85551,01,02,1992,01,01,1,W,11,3,28,,,,02,29,1992,7,1992,02,16,52,000
01,0109,87041,01,07,1992,01,01,1,B,15,3,28,,,,07,24,1992,6,1992,02,03,53,000
01,0109,00241,01,09,1992,01,01,1,O,22,3,28,,,,09,08,1992,3,1992,02,02,53,000
01,0109,00964,01,11,1992,01,01,1,O,22,3,16,,,,11,13,1992,6,1992,02,04,53,000
07,0703,85604,01,03,1992,01,01,1,W,17,3,21,,,,03,25,1992,4,1992,02,13,53,000
10,1005,86100,01,05,1992,01,01,1,W,10,3,09,,,,05,00,1992,,1992,02,24,52,000
10,1005,86422,01,06,1992,01,01,2,H,03,3,08,,,,05,31,1992,1,1992,20,24,59,000
12,1203,00560,01,09,1992,01,01,1,W,14,3,28,,,,09,06,1992,1,1992,02,19,52,000
15,1503,85012,01,01,1992,01,01,2,F,06,3,15,,,,01,24,1992,6,1992,02,24,53,000
15,1506,87247,01,08,1992,01,01,1,W,14,3,28,,,,08,10,1992,2,1992,02,02,52,000
19,1908,00021,01,08,1992,01,01,1,W,42,3,28,,,,08,28,1992,6,1992,02,02,59,000
19,1939,86506,01,04,1992,01,01,1,H,17,3,16,,,,04,07,1992,3,1992,02,03,53,000
19,1942,85118,01,01,1992,01,01,2,H,15,3,28,,,,01,03,1992,6,1992,02,03,53,000
19,1942,85866,01,04,1992,01,01,1,H,20,3,40,,,,04,12,1992,1,1992,02,04,53,000
19,1942,86234,01,05,1992,01,01,1,K,21,3,28,,,,05,19,1992,3,1992,02,02,53,000
19,1942,86235,01,05,1992,01,01,2,B,24,3,28,,,,05,01,1992,6,1992,02,03,53,000
19,1942,86634,01,06,1992,01,01,1,H,30,3,28,,,,05,25,1992,2,1992,02,16,53,000
19,1942,86635,01,06,1992,01,01,1,K,21,3,28,,,,06,21,1992,1,1992,03,06,53,000
19,1942,86979,01,07,1992,01,01,1,H,19,3,28,,,,06,16,1992,3,1992,02,07,53,000
19,1942,00832,01,11,1992,01,01,1,H,67,3,28,,,,11,24,1992,3,1992,02,02,53,000
19,1942,00833,01,11,1992,01,01,1,H,15,3,28,,,,11,07,1992,7,1992,04,16,53,000
19,1943,86779,01,05,1992,01,01,2,W,81,3,05,,,,05,14,1992,5,1992,16,24,59,000
19,1949,86780,01,05,1992,01,01,2,B,14,3,10,,,,05,30,1992,7,1992,04,24,52,000
19,1961,87390,01,08,1992,01,01,2,H,01,3,30,,,,08,26,1992,4,1992,08,02,59,000
33,3312,85664,01,01,1992,01,01,1,B,08,3,28,,,,01,00,1992,,1992,04,03,52,000
33,3313,00046,01,08,1992,01,01,2,H,15,3,30,,,,08,12,1992,4,1992,03,03,53,000
33,3332,85282,01,01,1992,01,01,1,B,BB,3,07,,,,01,14,1992,3,1992,16,24,59,000
34,3400,00282,01,09,1992,01,01,1,W,35,3,30,,,,09,02,1992,4,1992,16,02,59,000
36,3641,01440,01,11,1992,01,01,1,W,31,3,28,,,,11,08,1992,1,1992,02,02,53,000
43,4304,87402,01,05,1992,01,02,1,H,43,3,40,40,,,05,16,1992,7,1992,08,18,59,000
48,4800,00353,01,07,1992,01,02,1,W,24,3,07,09,,,07,05,1992,1,1992,08,03,59,000
48,4800,01241,02,08,1992,02,01,2,B,05,3,30,,,,08,22,1992,7,1992,13,02,59,000
48,4800,01241,01,08,1992,02,01,2,B,01,3,30,,,,08,22,1992,7,1992,13,02,59,000
49,4904,85616,01,03,1992,01,01,1,W,14,3,28,,,,03,00,1992,,1992,04,03,52,000
50,5000,86479,01,05,1992,01,01,2,W,02,3,08,,,,05,00,1992,,1992,20,24,59,000
54,5407,00293,01,09,1992,01,01,1,W,15,3,09,,,,09,12,1992,7,1992,02,24,53,000
01,0109,02781,01,09,1993,01,01,1,B,18,3,28,,,,09,30,1993,5,1993,02,02,53,000
07,0708,01912,01,07,1993,01,01,2,W,18,3,28,,,,07,30,1993,6,1993,02,13,52,000
10,1005,00031,01,01,1993,01,01,1,W,20,3,28,,,,01,20,1993,4,1993,02,03,53,000
10,1005,00279,01,02,1993,01,01,1,B,14,3,28,,,,02,06,1993,7,1993,02,15,52,000
10,1005,03022,01,09,1993,01,01,1,W,37,3,29,,,,09,23,1993,5,1993,02,02,53,000
10,1005,03308,01,11,1993,01,01,1,W,23,3,21,,,,11,02,1993,3,1993,02,02,53,000
12,1200,02357,02,07,1993,02,01,2,I,04,3,08,,,,07,03,1993,7,1993,20,19,59,000
12,1200,02357,01,07,1993,02,01,2,I,02,3,08,,,,07,03,1993,7,1993,20,19,59,000
15,1502,01271,01,06,1993,01,01,1,H,01,3,07,,,,06,14,1993,2,1993,08,24,59,000
19,1941,01871,01,06,1993,01,01,1,H,15,3,28,,,,06,02,1993,4,1993,04,02,52,000
19,1941,02617,01,09,1993,01,01,1,H,11,3,28,,,,09,03,1993,6,1993,02,03,52,000
19,1942,00162,01,01,1993,01,01,1,B,16,3,28,,,,01,21,1993,5,1993,02,25,53,000
19,1946,02226,01,07,1993,01,01,1,H,NB,3,07,,,,07,28,1993,4,1993,25,24,59,000
19,1969,03282,01,10,1993,01,01,1,H,26,3,28,,,,10,02,1993,7,1993,02,15,53,000
19,1983,04195,01,11,1993,01,01,2,B,24,3,28,,,,11,21,1993,1,1993,02,02,53,000
23,2300,00428,01,01,1993,01,01,2,I,27,3,23,,,,01,01,1993,6,1993,03,02,53,000
27,2708,02164,01,07,1993,01,01,2,H,BB,3,30,,,,07,30,1993,6,1993,20,03,59,000
27,2708,03042,01,10,1993,01,01,1,H,13,3,09,,,,10,20,1993,4,1993,02,24,53,000
27,2712,03895,01,12,1993,01,01,1,W,BB,3,07,,,,12,17,1993,6,1993,16,24,59,000
34,3400,00208,01,01,1993,01,01,1,W,22,3,28,,,,01,16,1993,7,1993,02,13,53,000
34,3400,01027,01,04,1993,01,01,2,W,BB,3,08,,,,12,05,1993,7,1993,20,24,59,000
36,3603,01224,01,05,1993,01,01,1,B,03,3,30,,,,05,07,1988,7,1988,20,24,59,000
36,3630,00696,01,02,1993,01,01,2,V,13,3,10,,,,02,05,1993,6,1993,02,24,53,000
37,3700,01523,01,06,1993,01,01,2,I,02,3,08,,,,06,16,1993,4,1993,03,24,59,000
37,3700,01862,01,07,1993,01,01,1,W,18,3,21,,,,05,17,1993,2,1993,02,02,53,000
39,3902,02353,01,06,1993,01,01,1,W,15,3,28,,,,06,22,1993,3,1993,02,02,53,000
39,3905,03714,01,10,1993,01,01,1,B,55,3,03,,,,10,01,1993,6,1993,02,24,59,000
43,4314,03595,01,11,1993,01,01,1,W,18,3,40,,,,11,30,1993,3,1993,02,06,59,000
50,5000,03467,01,10,1993,01,01,1,W,12,3,28,,,,10,09,1993,7,1993,02,03,52,000
50,5000,03719,01,11,1993,01,01,1,W,55,3,28,,,,11,09,1993,3,1993,08,01,59,000
19,191W,04089,01,12,1993,01,01,1,B,06,3,28,,,,12,31,1993,6,1993,02,03,52,000
01,0103,00988,01,05,1994,01,01,1,W,15,3,28,,,,05,29,1994,1,1994,02,03,52,000
01,0109,02456,01,08,1994,01,02,1,H,56,3,26,26,,,09,25,1993,5,1993,15,12,59,000
09,0900,01076,01,04,1994,01,01,1,W,BB,3,07,,,,01,21,1994,6,1994,10,24,59,000
10,1005,00455,01,02,1994,01,01,1,W,01,3,30,,,,02,11,1994,3,1994,08,02,59,000
15,1502,03139,01,10,1994,01,01,1,H,BB,3,07,,,,08,18,1994,5,1994,16,24,59,000
19,1900,02528,01,08,1994,01,01,1,H,13,3,28,,,,08,12,1994,6,1994,02,03,52,000
19,1900,02529,01,08,1994,01,01,1,H,14,3,40,,,,08,18,1994,4,1994,03,16,59,000
19,1915,02075,01,05,1994,01,01,1,H,01,3,07,,,,05,26,1994,5,1994,16,24,59,000
19,1942,00382,01,02,1994,01,02,1,H,14,3,28,28,,,02,08,1994,3,1994,02,16,52,000
19,1942,01143,01,04,1994,01,01,2,H,BB,3,08,,,,12,17,1993,6,1993,10,24,59,000
19,1942,01145,01,04,1994,01,00,1,H,12,3,50,,,,04,18,1994,2,1994,01,16,59,000
19,1942,01940,01,07,1994,01,01,2,K,04,3,40,,,,10,02,1992,6,1992,10,07,59,000
19,1942,02903,01,10,1994,01,01,2,B,01,3,08,,,,09,13,1993,2,1993,10,24,59,000
30,3004,02613,01,10,1994,01,01,2,W,15,3,08,,,,10,27,1994,5,1994,02,24,53,000
33,3301,01051,01,04,1994,01,01,1,B,44,3,28,,,,04,13,1994,4,1994,02,01,53,000
33,3313,00477,01,02,1994,01,01,1,B,18,3,28,,,,02,20,1994,1,1994,02,13,53,000
34,3400,03543,01,12,1994,01,01,1,W,49,3,28,,,,10,22,1994,7,1994,08,06,59,000
36,3605,03272,01,10,1994,01,01,1,H,15,3,28,,,,10,05,1994,4,1994,02,13,53,000
36,3606,03229,01,09,1994,01,01,1,W,NB,3,07,,,,09,01,1994,5,1994,10,16,59,000
37,3700,03007,01,11,1994,01,01,1,H,13,3,28,,,,10,04,1994,3,1994,02,03,52,000
37,3711,00944,01,04,1994,01,02,1,H,21,3,21,21,,,04,25,1994,2,1994,02,03,53,000
37,3711,02234,01,08,1994,01,01,1,W,58,3,30,,,,08,13,1994,7,1994,08,16,59,000
39,3905,02808,01,09,1994,01,01,1,H,24,3,16,,,,09,15,1994,5,1994,02,02,53,000
48,4801,01789,01,06,1994,01,01,2,W,15,3,28,,,,06,18,1994,7,1994,03,02,53,000
49,4907,02096,01,08,1994,01,01,1,W,71,3,30,,,,05,29,1994,1,1994,10,99,59,000
50,5002,02430,01,09,1994,01,01,1,B,14,3,28,,,,09,04,1994,1,1994,02,13,52,000
01,0106,03569,01,11,1995,01,01,1,H,07,3,07,,,,11,19,1995,1,1995,02,24,53,000
01,0109,03164,01,10,1995,05,01,2,B,15,3,08,,,,10,14,1995,7,1995,13,24,59,000
01,0109,03164,05,10,1995,05,01,1,B,03,3,07,,,,10,14,1995,7,1995,13,24,59,000
01,0109,03164,04,10,1995,05,01,1,B,01,3,07,,,,10,14,1995,7,1995,13,24,59,000
01,0109,03164,03,10,1995,05,01,1,B,BB,3,07,,,,10,14,1995,7,1995,13,24,59,000
01,0109,03164,02,10,1995,05,01,2,B,08,3,08,,,,10,14,1995,7,1995,13,24,59,000
01,0109,03193,01,12,1995,01,01,1,B,17,3,28,,,,12,01,1995,6,1995,02,02,53,000
07,0720,03623,01,10,1995,01,01,1,W,38,3,40,,,,09,11,1995,2,1995,07,19,59,000
09,0900,00966,01,04,1995,01,01,1,W,21,3,28,,,,04,06,1995,5,1995,02,13,53,000
10,1005,01079,01,05,1995,01,01,1,A,08,3,28,,,,05,10,1995,4,1995,02,02,52,000
13,1304,03553,01,09,1995,01,01,1,H,00,3,26,,,,09,02,1995,7,1995,14,03,59,000
15,1500,00983,01,05,1995,01,02,2,W,28,3,10,08,,,03,16,1995,5,1995,08,16,59,000
15,1503,00466,01,03,1995,01,01,2,H,NB,3,30,,,,03,06,1995,2,1995,08,02,59,000
19,1901,01430,01,06,1995,01,02,1,H,20,3,30,30,,,04,30,1995,1,1995,02,24,53,000
19,1941,01585,01,07,1995,01,01,1,H,17,3,21,,,,07,11,1995,3,1995,02,13,59,000
19,1941,02922,01,11,1995,01,01,1,W,34,3,28,,,,11,26,1995,1,1995,02,03,53,000
19,1942,00621,01,03,1995,01,01,1,W,14,3,28,,,,03,10,1995,6,1995,02,03,52,000
19,1942,02870,01,10,1995,01,01,1,H,12,3,28,,,,10,08,1995,1,1995,02,03,52,000
19,1942,02993,01,11,1995,01,01,1,H,18,3,28,,,,11,23,1995,5,1995,02,02,53,000
19,1962,00835,01,01,1995,01,01,1,H,33,3,16,,,,01,01,1995,1,1995,08,16,59,000
20,2000,01730,01,07,1995,01,01,1,I,19,3,09,,,,07,19,1995,4,1995,03,19,53,000
24,2400,02205,01,07,1995,01,01,1,H,13,3,28,,,,07,12,1995,4,1995,02,19,52,000
24,2404,02643,01,05,1995,01,01,1,H,13,3,21,,,,05,06,1995,7,1995,08,25,59,000
26,2601,00854,01,02,1995,01,01,1,W,42,3,40,,,,02,05,1995,1,1995,15,01,59,000
27,2700,01393,01,05,1995,01,01,1,H,23,3,28,,,,04,29,1995,7,1995,02,02,59,000
27,2708,02353,01,09,1995,01,01,2,H,BB,3,08,,,,09,18,1995,2,1995,20,02,59,000
30,3008,00671,01,04,1995,01,01,1,W,20,3,21,,,,03,03,1995,6,1995,08,16,59,000
30,3009,02880,01,10,1995,01,01,2,W,21,3,30,,,,08,17,1994,4,1994,15,03,59,000
33,3313,00189,01,01,1995,01,01,2,H,05,3,16,,,,01,06,1995,6,1995,04,02,53,000
33,3313,01176,01,05,1995,01,01,1,H,24,3,28,,,,05,26,1995,6,1995,02,02,53,000
34,3400,00651,01,02,1995,01,01,2,B,30,3,23,,,,02,19,1995,1,1995,02,24,53,000
34,3400,00652,01,02,1995,01,01,2,W,NB,3,08,,,,02,10,1995,6,1995,25,24,59,000
34,3400,02495,01,10,1995,01,01,2,W,17,3,28,,,,10,21,1995,7,1995,03,15,53,000
34,3404,02692,01,07,1995,01,01,1,B,73,3,40,,,,07,01,1995,7,1995,15,99,59,000
37,3702,02043,01,08,1995,01,01,2,F,94,3,16,,,,03,06,1995,2,1995,16,02,59,000
37,3710,02506,01,10,1995,01,01,1,W,12,3,07,,,,10,17,1995,3,1995,07,24,59,000
37,3711,00452,01,02,1995,01,01,1,H,18,3,21,,,,02,28,1995,3,1995,06,16,59,000
39,3905,01067,01,04,1995,01,01,1,H,12,3,09,,,,04,29,1995,7,1995,02,18,52,000
40,4000,02734,01,07,1995,01,01,2,W,36,3,02,,,,07,13,1995,5,1995,15,17,59,000
41,4113,01068,01,04,1995,01,01,1,H,29,3,28,,,,04,15,1995,7,1995,02,02,53,000
41,4116,02049,01,08,1995,01,01,1,P,13,3,28,,,,08,10,1995,5,1995,04,13,52,000
48,4805,03731,01,04,1995,01,01,1,W,14,3,28,,,,04,12,1995,4,1995,04,03,53,000
49,4904,02233,01,08,1995,01,01,1,H,12,3,28,,,,08,03,1995,5,1995,04,13,52,000
50,5000,03048,01,11,1995,01,02,1,H,13,3,28,28,,,11,28,1995,3,1995,04,03,53,000
50,5007,01806,01,06,1995,01,01,2,W,16,3,28,,,,06,27,1995,3,1995,04,03,53,000
01,0109,02099,01,08,1996,01,01,1,B,15,3,28,,,,08,27,1996,3,1996,02,16,53,000
04,0400,01174,01,05,1996,01,01,1,W,15,3,28,,,,05,10,1996,6,1996,02,03,52,000
05,0500,00559,01,03,1996,01,02,1,O,02,3,09,07,,,03,20,1996,4,1996,02,24,52,000
19,1900,01201,01,06,1996,01,01,1,W,22,3,21,,,,06,08,1996,7,1996,02,16,53,000
19,1942,00236,01,02,1996,01,01,1,H,16,3,28,,,,02,16,1996,6,1996,02,03,52,000
19,1942,00816,01,04,1996,01,01,1,H,14,3,28,,,,04,04,1996,5,1996,02,02,53,000
19,1942,02365,01,10,1996,01,01,1,H,18,3,28,,,,10,03,1996,5,1996,02,03,53,000
19,1942,02418,01,11,1996,01,01,1,H,22,3,28,,,,11,10,1996,1,1996,02,03,53,000
19,1949,02800,01,12,1996,01,01,1,W,53,3,28,,,,12,19,1996,5,1996,08,02,59,000
20,2002,00293,02,01,1996,02,01,2,H,05,3,08,,,,01,30,1996,3,1996,15,24,59,000
20,2002,00293,01,01,1996,02,01,2,H,04,3,08,,,,01,30,1996,3,1996,15,24,59,000
27,2700,01027,01,06,1996,01,01,2,H,15,3,21,,,,06,27,1996,5,1996,02,15,53,000
30,3019,00521,01,04,1996,01,01,1,H,17,3,28,,,,04,22,1996,2,1996,02,03,53,000
32,3200,01990,01,09,1996,01,01,1,W,45,3,09,,,,09,28,1996,7,1996,03,24,53,000
33,3300,01050,01,05,1996,01,01,1,H,13,3,28,,,,05,18,1996,7,1996,03,03,52,000
34,3400,01070,01,06,1996,01,01,2,H,NB,3,08,,,,06,22,1996,7,1996,25,24,59,000
36,3600,01084,01,06,1996,01,01,2,W,41,3,02,,,,06,17,1996,2,1996,02,24,53,000
36,3600,01830,01,09,1996,01,01,1,W,76,3,21,,,,08,13,1996,3,1996,08,16,59,000
36,3600,02025,01,10,1996,01,01,2,W,09,3,28,,,,10,05,1996,7,1996,03,02,53,000
36,3610,02032,01,07,1996,01,01,1,W,14,3,28,,,,07,18,1996,1,1996,04,03,59,000
37,3702,01109,01,05,1996,01,01,1,H,16,3,28,,,,03,05,1996,3,1996,02,02,53,000
37,3711,01127,01,06,1996,01,01,1,H,14,3,28,,,,06,17,1996,2,1996,02,03,52,000
42,4202,02616,01,08,1996,01,01,1,W,26,3,28,,,,08,28,1996,4,1996,02,03,53,000
51,5102,02954,01,10,1996,01,01,1,W,18,3,21,,,,03,06,1996,4,1996,15,16,59,000
04,0400,00652,01,03,1997,01,01,1,A,15,3,09,,,,03,13,1997,5,1997,02,24,53,000
06,0602,01409,01,08,1997,01,01,1,W,10,3,07,,,,08,17,1997,1,1997,15,24,59,000
08,0801,01202,01,06,1997,01,01,1,W,NB,3,07,,,,06,28,1997,7,1997,25,24,59,000
10,1005,01578,02,08,1997,02,01,2,B,01,3,08,,,,08,10,1997,1,1997,25,24,59,000
10,1005,01578,01,08,1997,02,01,2,B,BB,3,08,,,,08,10,1997,1,1997,25,24,59,000
10,1005,01706,01,09,1997,01,01,2,H,40,3,02,,,,09,21,1997,1,1997,03,24,53,000
14,1400,01205,01,06,1997,01,01,2,W,28,3,28,,,,06,15,1997,1,1997,02,03,53,000
19,1900,02190,01,12,1997,01,01,1,H,16,3,21,,,,04,17,1997,5,1997,03,03,53,000
19,1900,02189,01,12,1997,01,01,2,W,55,3,05,,,,05,27,1996,3,1996,16,24,59,000
19,1961,01755,01,08,1997,01,01,1,H,56,3,28,,,,08,04,1997,2,1997,08,16,59,000
19,1974,01151,01,05,1997,01,01,2,W,04,3,08,,,,05,22,1997,5,1997,13,24,59,000
23,2300,00565,01,01,1997,01,01,1,W,BB,3,40,,,,09,02,1996,2,1996,08,19,59,000
27,2705,00842,01,04,1997,01,01,1,H,17,3,28,,,,04,27,1997,1,1997,02,16,53,000
27,2706,02305,01,10,1997,01,01,1,W,52,3,40,,,,07,19,1994,3,1994,08,14,59,000
30,3006,02089,01,10,1997,01,01,1,F,14,3,28,,,,10,05,1997,1,1997,02,03,52,000
31,3105,01164,01,06,1997,01,01,2,W,17,3,23,,,,06,19,1997,5,1997,00,02,59,000
33,3301,01376,01,06,1997,01,01,1,A,09,3,16,,,,06,19,1997,5,1997,04,02,52,000
33,3305,02504,01,08,1997,01,01,1,H,15,3,28,,,,08,29,1997,6,1997,02,03,53,000
34,3400,02456,01,10,1997,01,01,1,W,19,3,28,,,,10,07,1997,3,1997,02,02,53,000
34,3400,02457,01,10,1997,01,01,2,A,02,3,16,,,,09,06,1997,7,1997,02,02,53,000
34,3404,00996,01,04,1997,01,01,1,H,79,3,21,,,,04,15,1997,3,1997,10,02,59,000
36,3602,00575,01,01,1997,01,01,1,W,22,3,28,,,,01,31,1997,6,1997,02,03,53,000
36,3604,00878,01,03,1997,01,01,2,W,40,3,30,,,,02,28,1997,6,1997,15,24,59,000
37,3711,00086,01,01,1997,01,01,1,H,09,3,09,,,,01,11,1997,7,1997,03,24,52,000
39,3905,01399,01,07,1997,01,01,1,H,15,3,28,,,,07,18,1997,6,1997,02,02,52,000
48,4806,02402,01,10,1997,01,01,1,W,17,3,28,,,,10,02,1997,5,1997,04,13,53,000
54,5407,02626,01,05,1997,01,01,1,W,16,3,28,,,,05,13,1997,3,1997,02,03,53,000
01,0101,00975,01,06,1998,01,01,1,F,13,3,16,,,,06,25,1998,5,1998,03,24,53,000
01,0109,00865,01,06,1998,01,01,2,B,35,3,21,,,,05,22,1998,5,1998,15,16,59,000
19,1900,01814,01,09,1998,01,01,2,H,17,3,21,,,,09,18,1998,6,1998,02,03,51,000
19,1900,01857,01,11,1998,01,01,1,H,37,3,21,,,,11,08,1998,1,1998,04,03,53,000
19,1924,01164,01,05,1998,01,01,2,B,06,3,10,,,,05,30,1998,7,1998,02,07,52,000
19,1942,01325,01,08,1998,01,01,1,H,18,3,28,,,,08,08,1998,7,1998,02,02,53,000
24,2400,01370,01,06,1998,01,01,1,H,36,3,21,,,,06,29,1998,2,1998,08,16,59,000
30,3008,00111,01,01,1998,01,02,1,H,BB,3,07,16,,,02,15,1997,7,1997,08,24,59,000
30,3008,01997,01,12,1998,01,01,1,W,44,3,30,,,,12,11,1998,6,1998,07,16,59,000
30,3019,01213,01,08,1998,01,01,1,H,04,3,30,,,,04,04,1997,6,1997,10,07,59,000
30,3019,02079,01,12,1998,01,01,1,H,01,3,30,,,,04,23,1998,5,1998,16,02,59,000
33,3301,02236,01,12,1998,01,01,1,H,17,3,28,,,,12,28,1998,2,1998,03,03,53,000
33,3332,01773,01,10,1998,01,01,1,W,12,3,28,,,,10,22,1998,5,1998,08,25,59,000
34,3400,01024,01,06,1998,01,01,1,I,44,3,21,,,,06,28,1998,1,1998,08,16,59,000
34,3400,01337,01,08,1998,01,01,1,A,18,3,28,,,,08,23,1998,1,1998,04,03,53,000
34,3400,01487,01,09,1998,01,01,2,O,10,3,08,,,,02,10,1997,2,1997,03,24,53,000
34,3400,02006,01,12,1998,01,01,2,B,37,3,02,,,,12,06,1998,1,1998,25,24,59,000
36,3602,00716,01,05,1998,01,01,1,H,12,3,09,,,,05,15,1998,6,1998,04,24,53,000
36,3616,01534,01,09,1998,01,01,1,H,12,3,28,,,,09,02,1998,4,1998,13,02,59,000
37,3709,00726,01,05,1998,01,01,1,W,79,3,28,,,,05,11,1998,2,1998,06,02,59,000
37,3710,00420,01,03,1998,01,01,1,W,20,3,28,,,,03,17,1998,3,1998,03,03,53,000
38,3801,01232,01,03,1998,01,01,1,F,18,3,40,,,,03,18,1998,4,1998,02,03,53,000
39,3905,02206,01,11,1998,01,01,2,H,13,3,40,,,,11,14,1998,7,1998,02,13,53,000
40,4000,00311,01,02,1998,01,01,1,H,09,3,16,,,,12,30,1997,3,1997,20,19,59,000
48,4800,00745,01,04,1998,01,01,1,W,43,3,30,,,,04,25,1998,2,1998,08,99,59,000
56,5604,00322,01,02,1998,01,01,1,H,13,3,28,,,,02,16,1998,2,1998,02,15,53,000
07,0702,04011,01,07,1999,01,01,2,B,NB,3,08,,,,07,07,1999,4,1999,08,24,59,000
19,1913,01500,01,06,1999,01,02,1,W,BB,3,07,07,,,06,14,1999,2,1999,25,15,59,000
19,1928,00837,01,02,1999,01,01,1,W,31,3,30,,,,02,09,1999,3,1999,08,02,59,000
19,1975,03898,01,07,1999,01,01,2,B,02,3,10,,,,07,17,1999,7,1999,04,02,52,000
37,3711,01157,01,05,1999,01,01,2,H,15,3,21,,,,05,04,1999,3,1999,04,02,59,000
39,3903,04214,01,08,1999,01,02,1,H,01,3,07,07,,,06,06,1999,1,1999,15,02,59,000
45,4500,00727,01,02,1999,01,01,1,W,20,3,40,,,,02,27,1999,7,1999,02,13,53,000
56,5604,00859,01,03,1999,01,01,1,H,19,3,28,,,,03,20,1999,7,1999,02,02,53,000
56,5604,00184,01,09,1999,01,01,1,H,41,3,09,,,,09,12,1999,1,1999,02,02,53,000
07,0702,01284,01,09,2000,01,01,2,W,02,3,30,,,,09,08,2000,6,2000,08,24,59,000
09,0902,00394,01,02,2000,01,01,1,W,16,3,28,,,,02,09,2000,4,2000,02,03,53,000
10,1000,00389,01,04,2000,01,01,1,W,17,3,28,,,,04,07,2000,6,2000,02,02,53,000
10,1005,01148,01,06,2000,01,01,1,H,11,3,09,,,,06,30,2000,6,2000,02,02,52,000
19,1928,04083,01,03,2000,01,01,2,W,03,3,08,,,,03,27,2000,2,2000,20,24,59,000
19,1954,02098,01,11,2000,01,01,1,H,19,3,28,,,,10,31,2000,3,2000,02,02,53,000
30,3019,01294,01,08,2000,01,02,1,W,54,3,40,40,,,01,28,1998,4,1998,05,19,53,000
31,3100,01297,01,09,2000,01,01,1,W,32,3,28,,,,09,16,2000,7,2000,02,03,59,000
33,3300,01286,01,08,2000,01,01,1,W,03,3,16,,,,08,13,2000,1,2000,25,02,59,000
33,3300,01287,01,08,2000,01,01,2,W,BB,3,30,,,,08,15,2000,3,2000,15,15,59,000
33,3300,01485,01,09,2000,01,01,1,W,02,3,07,,,,09,12,2000,3,2000,20,99,59,000
34,3400,01553,01,10,2000,01,01,1,O,13,3,28,,,,10,02,2000,2,2000,02,13,52,000
48,4807,00337,01,03,2000,01,01,1,W,21,3,28,,,,03,16,2000,5,2000,04,13,53,000
54,5400,01312,01,08,2000,01,01,2,I,17,3,23,,,,08,09,2000,4,2000,02,03,51,000
07,0701,01020,01,07,2001,01,01,1,W,02,3,26,,,,07,07,2001,7,2001,20,02,59,000
19,1909,01997,01,12,2001,01,01,2,H,04,3,10,,,,12,28,2001,6,2001,15,24,59,000
27,2708,01043,01,08,2001,01,01,2,W,01,3,08,,,,08,07,2001,3,2001,16,24,59,000
33,3300,01332,01,09,2001,01,01,1,W,86,3,28,,,,09,01,2001,7,2001,08,16,59,000
34,3400,00318,01,03,2001,01,01,2,W,01,3,08,,,,02,01,2001,5,2001,08,24,59,000
36,3610,00481,01,05,2001,01,01,2,H,18,3,10,,,,04,29,2001,1,2001,02,24,53,000
36,3616,04168,01,07,2001,01,02,2,W,BB,3,08,08,,,07,06,2001,6,2001,16,24,59,000
43,4308,01522,01,10,2001,01,01,1,C,NB,3,07,,,,10,07,2001,1,2001,08,02,59,000
43,4313,04106,01,07,2001,01,01,1,W,BB,3,07,,,,07,24,2001,3,2001,15,15,59,000
44,4402,01116,01,06,2001,01,01,1,W,50,3,40,,,,06,15,2001,6,2001,08,16,59,000
48,4800,00467,01,03,2001,01,01,2,W,21,3,30,,,,02,27,2001,3,2001,16,02,59,000
56,5609,01037,01,08,2001,02,01,1,W,03,3,07,,,,08,04,2001,7,2001,16,15,59,000
56,5609,01037,02,08,2001,02,01,1,W,01,3,07,,,,08,04,2001,7,2001,16,15,59,000
01,0102,01372,01,09,2002,01,00,1,W,47,3,50,,,,09,01,2002,1,2002,25,02,59,000
19,1900,01668,01,07,2002,01,01,1,H,BB,3,07,,,,07,20,2002,7,2002,16,15,59,000
19,1918,02164,01,12,2002,01,01,1,H,22,3,28,,,,12,26,2002,5,2002,04,03,53,000
19,1942,04113,01,10,2002,01,02,1,H,54,3,30,30,,,10,28,2002,2,2002,15,02,59,000
22,2200,01113,01,08,2002,01,01,1,I,57,3,28,,,,05,17,2002,6,2002,08,14,59,000
23,2303,02346,01,10,2002,01,01,2,W,75,3,30,,,,10,14,2002,2,2002,16,02,59,000
33,3313,02385,01,06,2002,01,01,1,W,40,3,40,,,,06,06,2002,5,2002,06,06,59,000
34,3400,00871,01,06,2002,01,01,2,B,NB,3,08,,,,05,13,2001,1,2001,15,24,59,000
36,3604,01363,01,07,2002,01,01,2,W,03,3,08,,,,07,23,2002,3,2002,25,15,59,000
36,3604,02090,01,11,2002,01,01,1,B,12,3,09,,,,11,04,2002,2,2002,02,24,52,000
38,3801,04136,01,08,2002,01,01,2,W,44,3,30,,,,08,05,2002,2,2002,08,16,59,000
39,3900,01830,01,10,2002,01,01,2,W,84,3,21,,,,10,21,2002,2,2002,03,19,50,000
41,4106,00442,01,03,2002,03,01,2,F,34,3,30,,,,03,18,2002,2,2002,15,02,59,000
41,4106,00442,02,03,2002,03,01,1,F,03,3,30,,,,03,18,2002,2,2002,15,02,59,000
41,4106,00442,03,03,2002,03,01,1,F,09,3,30,,,,03,18,2002,2,2002,15,02,59,000
41,4117,01041,01,06,2002,01,01,2,W,BB,3,16,,,,06,05,2002,4,2002,15,03,59,000
43,4313,01739,01,09,2002,01,01,2,H,01,3,08,,,,07,28,2002,1,2002,25,02,59,000
44,4401,01627,01,07,2002,01,01,1,W,70,3,16,,,,07,05,2002,6,2002,16,24,59,000
45,4500,01081,01,04,2002,01,01,2,W,69,3,05,,,,04,01,2002,2,2002,16,02,59,000
54,5401,00697,01,04,2002,01,01,1,H,22,3,29,,,,04,10,2002,4,2002,11,03,59,000
58,5801,02359,01,11,2002,01,01,1,W,49,3,28,,,,11,25,2002,2,2002,20,19,59,000
10,1000,04135,01,08,2003,01,01,1,H,38,3,28,,,,08,28,2003,5,2003,08,13,59,000
12,1207,01770,01,08,2003,01,01,1,W,BB,3,07,,,,08,27,2003,4,2003,20,02,59,000
19,1912,01089,01,06,2003,01,01,1,W,80,3,27,,,,06,07,2003,7,2003,10,02,59,000
19,1918,04067,01,07,2003,01,01,1,W,24,3,26,,,,07,07,2003,2,2003,15,13,59,000
19,1922,02059,01,12,2003,01,01,1,H,17,3,16,,,,12,23,2003,3,2003,02,03,53,000
19,1941,00266,01,02,2003,01,01,1,A,26,3,28,,,,02,20,2003,5,2003,02,03,53,000
19,1942,01211,01,07,2003,01,01,1,H,16,3,28,,,,07,26,2003,7,2003,08,02,59,000
19,1942,01953,01,10,2003,01,03,1,B,22,3,40,40,40,,10,18,2003,7,2003,02,16,59,000
30,3017,00702,01,05,2003,01,01,1,W,32,3,28,,,,02,07,2003,6,2003,04,03,53,000
30,3019,01327,01,08,2003,01,01,2,H,BB,3,16,,,,05,05,2003,2,2003,08,02,59,000
33,3300,04125,01,06,2003,01,01,2,W,02,3,30,,,,06,19,2003,5,2003,15,03,59,000
33,3300,04137,01,11,2003,01,01,1,W,20,3,21,,,,11,16,2003,1,2003,02,02,53,000
33,3313,02400,01,02,2003,01,01,1,W,21,3,28,,,,02,16,2003,1,2003,02,03,53,000
33,3313,02408,01,04,2003,01,02,2,H,00,3,08,08,,,04,04,2003,6,2003,16,15,59,000
34,3404,02089,01,10,2003,01,01,1,A,09,3,16,,,,10,19,2003,1,2003,04,03,52,000
36,3609,00072,01,02,2003,01,01,1,B,38,3,09,,,,02,24,2003,2,2003,16,24,59,000
36,3609,00738,01,05,2003,01,01,2,H,35,3,21,,,,05,13,2003,3,2003,04,02,53,000
36,3616,00077,01,02,2003,01,01,1,B,49,3,06,,,,02,12,2003,4,2003,08,02,59,000
39,3903,00284,01,01,2003,01,01,1,H,NB,3,07,,,,01,24,2003,6,2003,08,02,59,000
39,3905,00618,01,04,2003,01,01,1,H,15,3,21,,,,04,21,2003,2,2003,08,02,59,000
48,4807,00278,01,02,2003,01,01,1,H,23,3,28,,,,02,21,2003,6,2003,02,03,53,000
49,4908,01664,01,07,2003,01,01,1,H,01,3,30,,,,07,02,2003,4,2003,20,13,59,000
56,5601,00359,01,01,2003,01,01,1,W,59,3,30,,,,01,04,2003,7,2003,08,14,59,000
09,0900,03302,01,12,2004,01,01,2,W,43,3,23,,,,12,10,2004,6,2004,02,02,59,000
19,1942,00912,01,03,2004,01,01,1,H,16,3,21,,,,03,02,2004,3,2004,02,03,53,000
27,2700,00706,01,02,2004,01,01,1,H,24,3,28,,,,02,29,2004,1,2004,03,02,53,000
30,3018,02777,01,10,2004,01,01,1,H,19,3,30,,,,10,18,2004,2,2004,02,02,53,000
30,3019,01311,01,04,2004,01,01,1,H,15,3,21,,,,04,13,2004,3,2004,02,02,53,000
33,3300,02053,01,07,2004,01,01,1,H,36,3,28,,,,07,10,2004,7,2004,02,99,53,000
33,3300,02417,01,08,2004,01,01,1,H,33,3,28,,,,08,21,2004,7,2004,03,99,53,000
33,3300,02421,01,08,2004,01,01,1,H,38,3,21,,,,08,29,2004,1,2004,02,02,53,000
33,3309,00341,01,01,2004,01,01,1,H,07,3,16,,,,01,08,2004,5,2004,02,02,59,000
36,3604,01672,01,06,2004,01,01,1,H,30,3,28,,,,03,08,2004,2,2004,08,03,59,000
37,3711,00407,01,01,2004,01,01,2,H,85,3,40,,,,01,08,2004,5,2004,08,16,59,000
37,3711,01346,01,04,2004,01,01,2,W,52,3,05,,,,04,25,2004,1,2004,02,02,53,000
41,4106,00732,01,02,2004,01,01,2,W,86,3,05,,,,05,24,2003,7,2003,16,24,59,000
41,4106,00894,01,03,2004,01,02,2,C,81,3,05,11,,,01,12,2004,2,2004,16,02,59,000
43,4313,02550,01,08,2004,01,01,1,H,43,3,40,,,,02,17,2004,3,2004,02,16,59,000
44,4402,02009,01,05,2004,01,00,1,H,24,3,50,,,,04,13,2004,3,2004,08,02,59,000
52,5202,00741,01,02,2004,01,02,1,W,01,3,07,07,,,01,30,2004,6,2004,15,24,59,000
54,5405,03420,01,08,2004,01,01,2,H,01,3,08,,,,08,19,2004,5,2004,16,02,59,000
10,1013,04140,01,03,2005,01,01,1,H,15,3,21,,,,03,31,2005,5,2005,02,13,53,000
17,1701,05025,01,04,2005,01,01,2,W,02,3,08,,,,04,02,2005,7,2005,20,15,59,000
19,1916,04258,01,04,2005,01,01,1,H,01,3,07,,,,08,12,2004,5,2004,20,02,59,000
24,2400,05344,01,08,2005,01,01,1,H,25,3,28,,,,08,21,2005,1,2005,02,19,53,000
33,3300,03915,01,01,2005,01,01,1,W,18,3,28,,,,01,05,2005,4,2005,02,02,53,000
34,3400,06486,01,12,2005,01,01,1,A,52,3,20,,,,12,08,2005,5,2005,03,02,52,000
37,3711,05276,01,07,2005,01,01,2,H,45,3,21,,,,07,10,2005,1,2005,10,02,59,000
41,4109,04165,01,03,2005,01,01,2,W,80,3,27,,,,03,12,2005,7,2005,16,02,59,000
44,4401,04330,01,05,2005,01,01,2,W,81,3,21,,,,05,27,2005,6,2005,08,24,59,000
54,5407,04203,01,02,2005,01,01,1,H,12,3,09,,,,02,27,2005,1,2005,04,24,52,000
19,1917,07613,01,05,2006,01,01,2,H,13,3,21,,,,05,14,2006,1,2006,02,15,53,000
19,1931,09411,01,11,2006,01,01,1,H,14,3,28,,,,11,28,2006,3,2006,02,07,53,000
19,1962,07329,01,04,2006,01,02,1,C,BB,3,07,07,,,04,10,2006,2,2006,25,24,59,000
34,3400,08712,01,09,2006,01,01,1,W,69,3,40,,,,09,27,2006,4,2006,03,15,52,000
36,3607,08818,01,08,2006,01,01,1,A,26,3,28,,,,08,07,2006,2,2006,04,02,53,000
36,3611,07730,01,04,2006,01,01,1,H,24,3,28,,,,04,09,2006,1,2006,02,16,53,000
38,3801,09962,01,08,2006,01,01,2,B,BB,3,08,,,,08,27,2006,1,2006,00,02,59,000
43,4313,06782,01,01,2006,01,01,1,V,80,3,06,,,,01,27,2006,6,2006,16,02,59,000
56,5604,09057,01,10,2006,01,01,1,H,38,3,21,,,,10,22,2006,1,2006,02,02,53,000
01,0101,10434,01,04,2007,01,01,1,W,55,3,09,,,,04,08,2007,1,2007,08,02,59,000
07,0704,11365,01,07,2007,01,01,1,F,BB,3,07,,,,07,25,2007,4,2007,25,15,59,000
13,1300,09909,01,02,2007,01,01,1,W,25,3,07,,,,02,14,2007,4,2007,02,02,53,000
15,1500,09614,01,01,2007,01,01,1,W,56,3,21,,,,01,20,2007,7,2007,04,99,50,000
15,1511,11509,01,04,2007,01,01,2,H,68,3,02,,,,04,11,2007,4,2007,13,02,59,000
19,1965,11739,01,08,2007,01,01,2,W,63,3,30,,,,08,14,2007,3,2007,16,02,59,000
27,2700,12289,01,11,2007,01,00,1,H,21,3,50,,,,11,22,2007,5,2007,03,99,50,000
32,3200,12372,01,09,2007,01,01,1,A,47,3,16,,,,09,27,2007,5,2007,03,18,50,000
33,3309,10918,01,05,2007,01,01,1,H,19,3,40,,,,05,14,2007,2,2007,02,16,53,000
33,3318,10455,01,04,2007,01,01,1,W,17,3,20,,,,04,21,2007,7,2007,02,02,53,000
36,3602,11180,01,07,2007,01,01,1,H,BB,3,07,,,,07,28,2007,7,2007,02,15,53,000
36,3609,11683,01,07,2007,01,03,2,B,92,3,05,21,21,,06,05,2007,3,2007,16,02,59,000
36,3609,12305,01,08,2007,01,01,2,O,69,3,05,,,,08,13,2007,2,2007,16,02,59,000
36,3610,09872,01,02,2007,01,01,1,H,14,3,28,,,,02,26,2007,2,2007,02,02,52,000
36,3610,11458,01,08,2007,01,01,1,W,21,3,28,,,,08,27,2007,2,2007,04,03,53,000
41,4113,13404,01,02,2007,01,01,2,O,08,3,40,,,,02,19,2007,2,2007,15,16,59,000
49,4900,10235,01,03,2007,01,01,2,W,44,3,02,,,,03,05,2007,2,2007,02,24,53,000
51,5102,11330,01,08,2007,01,01,2,H,01,3,16,,,,08,04,2007,7,2007,20,02,59,000
19,1942,12435,01,12,2007,01,01,1,O,81,3,21,,,,12,09,2007,1,2007,08,13,59,000
19,1942,12421,01,04,2007,01,01,2,B,87,3,21,,,,04,02,2007,2,2007,16,02,59,000
13,1304,14946,01,07,2008,01,01,1,H,18,3,28,,,,07,07,2008,2,2008,04,02,53,000
19,1971,15952,01,07,2008,01,01,2,W,46,3,02,,,,07,02,2008,4,2008,16,02,59,000
24,2406,15290,01,09,2008,01,01,1,H,54,3,40,,,,09,11,2008,5,2008,08,06,59,000
33,3306,13587,01,02,2008,01,01,1,H,18,3,28,,,,02,16,2008,7,2008,01,13,53,000
34,3404,13513,01,02,2008,01,01,1,H,01,3,07,,,,02,09,2008,7,2008,15,02,59,000
34,3404,14139,01,04,2008,01,01,1,H,20,3,21,,,,04,10,2008,5,2008,15,99,59,000
34,3404,15374,01,06,2008,01,01,2,B,BB,3,08,,,,01,01,2008,3,2008,10,02,59,000
36,3603,13604,01,03,2008,01,01,2,H,12,3,16,,,,03,30,2008,1,2008,02,03,59,000
36,3603,15085,01,08,2008,01,01,1,H,39,3,29,,,,08,07,2008,5,2008,15,06,59,000
36,3604,14390,01,05,2008,01,01,1,H,19,3,28,,,,05,17,2008,7,2008,03,13,53,000
36,3610,15507,01,10,2008,01,01,1,H,15,3,09,,,,10,22,2008,4,2008,02,24,52,000
37,3700,13623,01,03,2008,01,01,2,W,46,3,21,,,,12,28,2007,6,2007,25,16,59,000
40,4014,14407,01,01,2008,01,01,2,W,24,3,40,,,,01,11,2008,6,2008,15,18,59,000
40,4014,16142,01,11,2008,01,01,1,W,18,3,40,,,,11,09,2008,1,2008,16,18,59,000
43,4313,15663,01,09,2008,01,01,2,H,BB,3,08,,,,05,17,2008,7,2008,25,02,59,000
45,4500,13546,01,02,2008,01,01,1,I,14,3,28,,,,02,02,2008,7,2008,04,03,52,000
45,4500,14838,01,07,2008,01,01,2,W,39,3,28,,,,02,26,2008,3,2008,15,16,59,000
45,4500,14839,01,07,2008,01,01,1,X,56,3,28,,,,04,21,2008,2,2008,15,18,59,000
48,4803,13986,01,01,2008,01,01,2,H,24,3,23,,,,01,10,2008,5,2008,03,03,59,000
48,4804,14374,01,04,2008,01,02,2,W,85,3,30,30,,,04,09,2008,4,2008,16,02,59,000
19,1942,14740,01,07,2008,01,01,1,B,15,3,28,,,,07,22,2008,3,2008,02,03,53,000
01,0107,19098,01,03,2009,01,01,1,W,NB,3,07,,,,03,19,2009,5,2009,25,24,59,000
16,1602,17109,01,01,2009,01,01,1,W,18,3,28,,,,01,09,2009,6,2009,02,13,53,000
19,1942,18199,01,10,2009,01,01,1,O,65,3,06,,,,10,21,2009,4,2009,15,99,59,000
19,1942,17656,01,06,2009,01,01,1,B,50,3,30,,,,06,25,2009,5,2009,10,02,59,000
19,1975,18708,01,12,2009,01,01,1,H,26,3,40,,,,12,24,2009,5,2009,02,02,53,000
33,3302,16720,01,03,2009,01,01,1,W,12,3,21,,,,03,05,2009,5,2009,02,00,52,000
34,3400,18413,01,11,2009,01,01,1,W,21,3,28,,,,11,20,2009,6,2009,04,24,53,000
36,3609,17511,01,05,2009,01,01,2,H,89,3,05,,,,05,26,2009,3,2009,16,02,59,000
36,3632,18194,01,10,2009,01,01,1,W,NB,3,07,,,,10,24,2009,7,2009,25,24,59,000
36,3633,16743,01,02,2009,01,01,2,B,91,3,16,,,,02,11,2009,4,2009,16,02,59,000
37,3702,18800,01,07,2009,01,01,2,H,04,3,08,,,,07,26,2009,1,2009,15,99,59,000
37,3711,16890,01,04,2009,01,01,1,H,20,3,28,,,,04,08,2009,4,2009,02,03,53,000
37,3711,16891,01,04,2009,01,01,1,W,82,3,30,,,,04,02,2009,5,2009,08,02,59,000
39,3905,18678,01,12,2009,01,01,1,H,19,3,21,,,,12,27,2009,1,2009,02,14,53,000
41,4104,16947,01,04,2009,01,01,1,W,36,3,28,,,,04,11,2009,7,2009,15,16,59,000
51,5102,16290,01,01,2009,01,01,1,H,25,3,28,,,,01,12,2009,2,2009,02,15,53,000
07,0701,21175,01,12,2010,01,02,1,B,02,3,07,07,,,12,02,2010,5,2010,02,02,52,000
07,0701,21224,01,12,2010,01,00,2,W,BB,3,50,,,,04,18,2010,1,2010,15,15,59,000
09,0902,20654,01,07,2010,01,01,2,W,25,3,23,,,,06,07,2010,2,2010,10,02,59,000
12,1200,21429,01,12,2010,01,01,1,I,BB,3,07,,,,11,23,2010,3,2010,10,03,59,000
19,1901,19831,01,03,2010,01,02,1,C,07,3,07,07,,,03,03,2010,4,2010,16,02,59,000
19,1901,20665,01,07,2010,01,01,2,W,94,3,21,,,,06,20,2010,1,2010,08,24,59,000
19,1942,20002,01,07,2010,01,01,2,H,01,3,08,,,,05,08,2010,7,2010,20,02,59,000
19,1942,20005,01,07,2010,01,01,1,B,02,3,09,,,,07,09,2010,6,2010,02,02,52,000
19,1942,19276,01,04,2010,01,01,1,H,01,3,07,,,,04,01,2010,5,2010,20,02,59,000
19,1942,20874,01,11,2010,01,01,1,H,18,3,28,,,,11,25,2010,5,2010,02,13,53,000
19,1946,19457,01,04,2010,01,01,1,H,49,3,30,,,,04,15,2010,5,2010,08,03,59,000
24,2400,19935,01,06,2010,01,01,1,H,27,3,28,,,,06,02,2010,4,2010,02,18,53,000
36,3605,19742,01,05,2010,01,01,2,H,45,3,05,,,,05,28,2010,6,2010,02,02,53,000
36,3610,19460,01,04,2010,01,01,1,H,16,3,28,,,,04,07,2010,4,2010,04,03,53,000
41,4102,19462,01,04,2010,01,01,1,W,93,3,01,,,,04,03,2008,5,2010,15,16,59,000
45,4500,20199,01,07,2010,01,01,2,W,11,3,08,,,,07,18,2010,1,2010,20,18,59,000
48,4803,19620,01,04,2010,04,02,2,B,02,3,08,16,,,04,28,2010,4,2010,13,02,59,000
48,4803,19620,02,04,2010,04,02,2,B,01,3,08,16,,,04,28,2010,4,2010,13,02,59,000
48,4803,19620,03,04,2010,04,02,2,B,02,3,08,16,,,04,28,2010,4,2010,13,02,59,000
48,4803,19620,04,04,2010,04,02,1,B,04,3,07,16,,,04,28,2010,4,2010,13,02,59,000
54,5405,19393,01,03,2010,01,01,2,W,62,3,30,,,,03,28,2010,1,2010,16,07,59,000
54,5405,19953,01,06,2010,01,01,1,H,BB,3,07,,,,06,13,2010,1,2010,25,02,59,000
54,5405,20280,01,07,2010,01,01,2,I,BB,3,08,,,,07,10,2010,7,2010,25,02,59,000
07,0701,22233,01,05,2011,01,01,2,H,01,3,08,,,,05,30,2011,2,2011,20,02,59,000
19,1900,22871,01,08,2011,01,01,2,B,77,3,05,,,,08,01,2011,2,2011,16,02,59,000
30,3003,23569,01,07,2011,01,01,2,W,47,3,21,,,,06,29,2011,4,2011,08,18,59,000
34,3404,21283,01,01,2011,01,01,1,H,37,3,22,,,,01,02,2011,1,2011,06,13,59,000
35,3501,22132,01,04,2011,01,01,2,W,14,3,23,,,,04,30,2011,7,2011,02,16,53,000
36,3601,23493,01,07,2011,01,01,2,W,09,3,21,,,,07,23,2011,7,2011,02,02,53,000
15,1500,25362,01,09,2012,01,01,1,A,26,3,16,,,,09,15,2012,7,2012,01,99,50,000
19,1918,24745,01,06,2012,01,01,1,B,66,3,40,,,,06,28,2012,5,2012,08,14,59,000
33,3313,25243,01,08,2012,01,01,2,W,35,3,28,,,,08,17,2012,6,2012,02,24,53,000
34,3404,24229,01,04,2012,01,01,1,H,33,3,28,,,,04,14,2012,7,2012,02,13,53,000
34,3404,25839,01,10,2012,01,01,2,W,34,3,23,,,,10,15,2012,2,2012,02,13,59,000
34,340H,25646,01,10,2012,01,01,1,A,28,3,09,,,,10,13,2012,7,2012,04,02,53,000
37,3711,23988,01,02,2012,01,01,1,W,27,3,01,,,,02,18,2012,7,2012,04,02,53,000
42,4204,24344,01,02,2012,01,01,2,W,20,3,23,,,,02,28,2012,3,2012,15,16,59,000
43,4304,25053,01,07,2012,01,01,1,H,21,3,28,,,,07,22,2012,1,2012,01,07,53,000
48,4806,26055,01,11,2012,01,01,1,H,19,3,21,,,,11,19,2012,2,2012,02,02,59,000
49,4904,26065,01,12,2012,01,01,1,W,41,3,40,,,,12,12,2012,4,2012,25,16,59,000
50,5007,25741,01,07,2012,01,01,2,H,02,3,08,,,,07,18,2012,4,2012,16,02,59,000
58,5800,26510,01,06,2012,01,01,1,W,35,3,16,,,,06,20,2012,4,2012,03,13,53,000
07,0701,25029,01,07,2012,01,01,1,O,37,3,09,,,,04,28,2012,7,2012,01,03,53,000
42,4203,26392,01,05,2012,01,01,2,W,47,3,23,,,,05,04,2012,6,2012,25,13,59,000
48,4800,26414,01,12,2012,01,01,1,W,58,3,06,,,,12,02,2012,1,2012,00,02,59,000
54,5400,24994,01,07,2012,01,01,1,X,53,3,21,,,,07,31,2012,3,2012,02,03,53,000
08,0800,28514,01,10,2013,01,01,1,W,19,3,09,,,,10,18,2013,6,2013,02,24,53,000
09,0902,27156,01,04,2013,01,01,1,W,30,3,40,,,,05,01,2012,3,2013,25,14,59,000
10,1000,26534,01,02,2013,01,01,1,W,10,3,20,,,,01,04,2013,6,2013,03,03,53,000
12,1207,27411,01,04,2013,01,01,1,H,51,3,26,,,,04,24,2013,4,2013,15,13,59,000
17,1700,28436,01,11,2013,01,01,1,W,NB,3,07,,,,10,03,2013,5,2013,15,18,59,000
29,2908,28186,01,10,2013,02,01,1,W,57,3,30,,,,10,26,2013,7,2013,16,02,59,000
29,2908,28186,02,10,2013,02,01,1,W,69,3,30,,,,10,26,2013,7,2013,16,02,59,000
33,3300,28251,01,10,2013,01,01,1,H,NB,3,07,,,,10,14,2013,2,2013,16,18,59,000
33,3313,27852,01,08,2013,01,01,2,H,85,3,05,,,,12,04,2012,3,2012,16,02,59,000
34,3496,28392,01,05,2013,01,01,1,H,23,3,21,,,,05,08,2013,4,2013,09,03,59,000
36,3609,28407,01,11,2013,01,01,1,B,39,3,40,,,,11,17,2013,1,2013,08,16,59,000
37,3705,27602,01,07,2013,01,02,1,H,BB,3,07,07,,,07,27,2013,7,2013,16,15,59,000
37,3711,28567,01,11,2013,01,01,1,H,21,3,28,,,,11,17,2013,1,2013,04,03,53,000
43,4302,28680,01,12,2013,01,02,2,H,BB,3,08,08,,,12,31,2013,3,2013,25,03,59,000
45,4502,27731,01,03,2013,01,01,1,A,01,3,21,,,,03,01,2013,6,2013,08,02,59,000
47,4703,27697,01,08,2013,01,01,1,W,62,3,30,,,,08,06,2013,3,2013,13,02,59,000
54,5400,27595,01,07,2013,01,01,2,H,08,3,30,,,,07,01,2013,2,2013,15,02,59,000
19,1924,28432,01,11,2013,02,01,1,H,59,3,26,,,,11,01,2013,6,2013,02,07,59,000
30,3019,26990,01,04,2013,01,01,2,H,32,3,23,,,,04,18,2013,5,2013,17,24,53,000
35,3501,26739,01,02,2013,01,01,1,W,55,3,28,,,,02,05,2013,3,2013,25,02,59,000
10,1005,30437,01,09,2014,01,01,1,H,16,3,28,,,,09,08,2014,2,2014,02,15,53,000
18,1801,30132,01,07,2014,01,01,2,W,26,3,28,,,,09,04,2011,1,2011,10,03,59,000
19,1902,30895,01,12,2014,01,01,2,W,84,3,05,,,,12,04,2014,5,2014,16,02,59,000
30,3002,30899,01,12,2014,01,02,1,H,30,3,21,01,,,12,06,2014,7,2014,10,02,59,000
30,3024,29321,01,04,2014,01,01,2,A,12,3,40,,,,04,03,2014,5,2014,15,16,59,000
33,3314,29235,01,01,2014,01,01,2,W,21,3,23,,,,01,16,2014,5,2014,02,03,53,000
34,3404,28810,01,01,2014,01,01,1,W,58,3,21,,,,01,18,2014,7,2014,08,13,59,000
34,3496,29719,01,06,2014,01,01,2,W,59,3,05,,,,05,26,2014,2,2014,16,02,59,000
41,4113,29949,01,06,2014,01,03,1,H,16,3,28,28,28,,06,12,2014,5,2014,02,15,53,000
44,4402,29760,01,06,2014,01,01,1,H,15,3,21,,,,06,16,2014,2,2014,02,03,53,000
47,4709,30599,01,11,2014,01,01,2,W,BB,3,08,,,,11,17,2014,2,2014,15,03,59,000
51,5102,31169,01,01,2014,01,01,2,W,50,3,08,,,,11,12,2013,3,2013,15,16,59,000
54,5400,29451,01,05,2014,01,01,1,H,20,3,28,,,,05,16,2014,6,2014,02,02,53,000
34,3400,29959,01,07,2014,01,02,2,B,36,3,08,10,,,02,12,2014,4,2014,16,24,59,000
34,3404,29705,01,06,2014,01,01,1,W,29,3,28,,,,06,04,2014,4,2014,04,13,53,000
36,3601,30837,01,12,2014,01,01,2,W,79,3,16,,,,12,17,2014,4,2014,16,02,59,000
51,5102,28759,01,01,2014,01,01,2,W,68,3,40,,,,01,30,2014,5,2014,15,16,59,000
07,0704,33335,01,12,2015,01,01,1,B,36,3,26,,,,12,30,2015,4,2015,16,02,59,000
19,1961,33598,01,10,2015,01,01,1,H,44,3,26,,,,10,01,2015,5,2015,15,07,59,000
30,3024,31690,01,04,2015,01,01,2,W,24,3,21,,,,04,26,2015,1,2015,10,03,59,000
33,3314,33189,01,11,2015,01,01,1,H,17,3,16,,,,11,12,2015,5,2015,04,03,53,000
33,3330,31880,01,05,2015,01,01,1,W,16,3,28,,,,05,31,2015,1,2015,02,01,53,000
34,3400,31173,01,01,2015,01,01,2,W,23,3,23,,,,01,01,2015,5,2015,02,16,53,000
34,3400,31859,01,05,2015,01,01,1,H,19,3,28,,,,05,22,2015,6,2015,02,18,53,000
34,3400,32754,01,09,2015,01,01,2,W,18,3,28,,,,09,19,2015,7,2015,02,13,53,000
34,3496,31777,01,05,2015,01,01,1,W,42,3,01,,,,05,30,2015,7,2015,02,02,53,000
36,3609,31639,01,03,2015,01,01,1,W,61,3,01,,,,03,10,2015,3,2015,16,02,59,000
36,3612,31587,01,04,2015,01,01,2,B,17,3,28,,,,04,19,2015,1,2015,01,02,59,000
36,3613,31943,01,06,2015,01,01,1,H,08,3,07,,,,06,11,2015,5,2015,02,03,53,000
42,4203,33517,01,12,2015,01,01,2,W,NB,3,08,,,,12,21,2015,2,2015,15,06,59,000
54,5400,32905,01,10,2015,01,01,1,W,15,3,09,,,,10,04,2015,1,2015,03,99,50,000
19,1942,32692,01,07,2015,01,01,2,A,02,3,30,,,,07,21,2015,3,2015,20,02,59,000
01,0109,33110,01,07,2015,01,01,1,W,18,3,21,,,,07,21,2015,3,2015,04,03,53,000
19,1956,31533,01,04,2015,01,01,1,W,22,3,28,,,,04,06,2015,2,2015,04,03,53,000
01,0101,33908,01,02,2016,01,01,2,A,93,3,40,,,,11,16,2015,2,2015,08,03,59,000
06,0600,35580,01,08,2016,01,01,1,H,52,3,28,,,,08,28,2016,1,2016,03,99,50,000
07,0708,36103,01,03,2016,01,01,1,H,15,3,09,,,,03,12,2016,7,2016,02,02,53,000
10,1005,35144,01,05,2016,01,01,1,H,16,3,28,,,,05,17,2016,3,2016,01,13,51,000
13,1300,34595,01,05,2016,01,01,1,H,39,3,30,,,,05,12,2016,5,2016,08,99,59,000
17,1701,35638,01,08,2016,01,01,2,W,53,3,20,,,,08,21,2016,1,2016,13,99,59,000
34,3400,35778,01,11,2016,01,01,1,W,53,3,30,,,,11,02,2016,4,2016,15,02,59,000
34,3400,35781,01,11,2016,01,01,2,H,18,3,28,,,,11,26,2016,7,2016,02,15,53,000
36,3602,35680,01,11,2016,01,01,1,B,25,3,16,,,,11,27,2016,1,2016,02,02,53,000
36,3612,34117,01,04,2016,01,01,1,B,18,3,28,,,,04,14,2016,5,2016,01,03,53,000
48,4807,35738,01,11,2016,01,01,1,F,52,3,28,,,,11,04,2016,6,2016,02,02,53,000
54,5407,34639,01,06,2016,01,01,1,W,40,3,28,,,,06,28,2016,3,2016,10,02,59,000
04,0400,35429,01,10,2016,01,01,1,H,25,3,09,,,,10,11,2016,3,2016,03,13,53,000
09,0900,35329,01,09,2016,01,01,2,A,55,3,02,,,,09,26,2016,2,2016,03,99,50,000
19,1975,35210,01,09,2016,01,01,2,H,30,3,23,,,,09,12,2016,2,2016,25,02,59,000
01,0109,37274,01,03,2017,01,01,1,B,17,3,21,,,,03,29,2017,4,2017,02,16,53,000
01,0109,37304,01,04,2017,01,01,1,H,17,3,21,,,,04,12,2017,4,2017,02,13,53,000
01,0113,38003,01,11,2017,01,01,1,A,64,3,16,,,,11,09,2017,5,2017,08,03,59,000
07,0700,38143,01,12,2017,01,01,2,W,58,3,21,,,,12,09,2017,7,2017,02,02,53,000
12,1203,38479,01,02,2017,01,02,2,W,16,3,21,21,,,02,08,2017,4,2017,10,01,59,000
19,1946,37447,01,08,2017,01,01,1,H,29,3,40,,,,08,12,2017,7,2017,16,16,59,000
20,2001,36634,01,01,2017,01,01,1,H,01,3,07,,,,01,11,2017,4,2017,02,03,52,000
30,3024,38255,01,12,2017,01,01,1,V,NB,3,07,,,,12,12,2017,3,2017,08,02,59,000
33,3309,37618,01,09,2017,01,01,1,H,20,3,09,,,,09,02,2017,7,2017,02,02,53,000
33,3325,36842,01,02,2017,01,01,1,H,18,3,28,,,,02,15,2017,4,2017,01,02,53,000
36,3610,36623,01,01,2017,01,02,1,H,18,3,30,30,,,12,09,2016,6,2016,25,15,59,000
45,4502,36701,01,03,2017,01,01,2,W,BB,3,08,,,,03,13,2017,2,2017,25,02,59,000
50,5005,38623,01,02,2017,01,01,1,H,17,3,28,,,,02,23,2017,5,2017,02,02,53,000
07,0701,36394,01,01,2017,01,01,2,W,BB,3,08,,,,07,22,2015,4,2015,20,02,59,000
19,1942,37633,01,09,2017,01,01,1,B,37,3,40,,,,09,09,2017,7,2017,02,16,53,000
19,1942,40037,01,09,2018,01,01,1,H,18,3,28,,,,09,29,2018,7,2018,02,02,53,000
23,2300,39516,01,06,2018,01,01,1,I,01,3,07,,,,06,20,2018,4,2018,15,13,59,000
28,2802,38972,01,04,2018,01,01,1,W,BB,3,07,,,,04,22,2018,1,2018,25,02,59,000
30,3019,40934,01,09,2018,01,01,1,H,15,3,28,,,,09,06,2018,5,2018,02,15,53,000
33,3309,40747,01,10,2018,01,01,2,H,66,3,40,,,,09,01,2018,7,2018,15,16,59,000
33,3325,40425,01,10,2018,01,01,2,H,45,3,02,,,,10,16,2018,3,2018,15,16,59,000
34,3496,40687,01,10,2018,01,01,1,W,45,3,40,,,,10,09,2018,3,2018,15,15,59,000
36,3600,40825,01,07,2018,01,01,2,H,02,3,16,,,,07,20,2018,6,2018,02,02,52,000
36,3600,40960,01,07,2018,01,02,1,W,07,3,07,07,,,07,25,2018,4,2018,16,24,59,000
37,3711,38506,01,01,2018,01,01,1,L,27,3,28,,,,01,21,2018,1,2018,02,15,53,000
37,3711,38822,01,03,2018,01,01,2,D,BB,3,08,,,,03,25,2018,1,2018,20,02,59,000
37,3711,38824,01,03,2018,01,01,1,W,27,3,28,,,,03,29,2018,5,2018,08,14,59,000
41,4106,40374,01,10,2018,01,01,2,H,19,3,21,,,,10,07,2018,1,2018,10,03,59,000
42,4201,39043,01,03,2018,01,01,2,H,54,3,23,,,,03,26,2018,2,2018,16,03,59,000
42,4204,39557,01,02,2018,01,01,1,H,14,3,09,,,,02,03,2018,7,2018,02,24,51,000
44,4402,40912,01,05,2018,01,01,1,H,18,3,28,,,,05,13,2018,1,2018,02,15,53,000
50,5000,39952,01,07,2018,01,03,1,H,24,3,29,29,29,,07,16,2018,2,2018,10,13,59,000
50,5007,39200,01,05,2018,01,01,1,H,16,3,28,,,,05,19,2018,7,2018,04,03,53,000
01,0107,40837,01,02,2018,01,01,1,W,04,3,07,,,,02,08,2018,5,2018,00,02,59,000
07,0716,40043,01,09,2018,01,01,2,W,01,3,08,,,,09,11,2018,3,2018,15,15,59,000
20,2001,40792,01,12,2018,01,01,1,W,43,3,01,,,,12,02,2018,1,2018,15,02,59,000
29,2900,40484,01,09,2018,01,01,1,W,25,3,21,,,,09,08,2018,7,2018,02,19,53,000
34,3400,39663,01,07,2018,01,01,2,H,45,3,28,,,,07,08,2018,1,2018,01,15,53,000
34,3496,40591,01,06,2018,01,01,2,W,91,3,21,,,,06,12,2018,3,2018,08,99,59,000
50,5007,39442,01,06,2018,01,01,1,W,17,3,28,,,,06,11,2018,2,2018,02,03,53,000
01,0100,42189,01,08,2019,01,01,2,W,86,3,02,,,,08,30,2019,6,2019,15,16,59,000
10,1000,41246,01,02,2019,01,01,1,H,12,3,28,,,,02,03,2019,1,2019,02,02,52,000
11,1100,41967,01,04,2019,01,01,1,W,01,3,07,,,,12,12,2018,4,2018,25,03,59,000
24,2406,43215,01,11,2019,01,01,1,B,37,3,40,,,,11,18,2019,2,2019,08,16,59,000
27,2700,41403,01,04,2019,01,01,2,W,55,3,02,,,,04,06,2019,7,2019,16,02,59,000
27,2708,42188,01,08,2019,01,01,2,H,BB,3,08,,,,08,27,2019,3,2019,08,02,59,000
29,2901,41442,01,05,2019,01,01,1,W,BB,3,07,,,,05,05,2019,1,2019,25,02,59,000
30,3009,41343,01,04,2019,01,01,1,B,35,3,30,,,,04,30,2019,3,2019,01,02,59,000
33,3309,41796,01,06,2019,01,01,2,H,21,3,40,,,,04,05,2019,6,2019,16,99,59,000
34,340H,42795,01,12,2019,01,01,1,H,18,3,30,,,,12,28,2019,7,2019,08,13,59,000
36,3610,41584,01,06,2019,01,01,1,H,12,3,09,,,,06,24,2019,2,2019,01,02,52,000
36,3612,41267,01,02,2019,01,01,1,W,80,3,03,,,,02,21,2019,5,2019,16,24,59,000
36,3612,43042,01,08,2019,01,01,1,B,41,3,21,,,,08,11,2019,1,2019,08,13,59,000
41,4113,42536,01,10,2019,01,01,1,H,29,3,22,,,,10,19,2019,7,2019,01,02,53,000
43,4313,41385,01,04,2019,01,01,1,H,25,3,16,,,,04,21,2019,1,2019,02,02,53,000
43,4313,41753,01,01,2019,01,01,1,B,15,3,28,,,,01,06,2019,1,2019,01,02,52,000
01,0108,42660,01,10,2019,01,01,1,H,15,3,28,,,,10,03,2019,5,2019,02,99,53,000
10,1005,41857,01,05,2019,01,01,1,B,20,3,28,,,,05,12,2019,1,2019,01,02,53,000
24,2406,42555,01,10,2019,01,01,1,B,19,3,40,,,,10,10,2019,5,2019,08,16,59,000
31,3105,41837,01,06,2019,01,01,1,W,26,3,28,,,,06,14,2019,6,2019,02,03,53,000
33,3315,42094,01,06,2019,01,01,1,W,32,3,40,,,,06,14,2019,6,2019,02,07,53,000
54,5407,42366,01,09,2019,01,01,1,B,02,3,07,,,,09,05,2019,5,2019,02,15,52,000
